Experimento;Execução;Threads;user (ms);system (ms);CPU
Ex1;1;1;74,07;0,12;99%
Ex1;2;1;73,74;0,09;99%
Ex1;3;1;78,1;0,07;99%
Ex1;1;2;55,01;0,03;199%
Ex1;2;2;53,77;0,04;199%
Ex1;3;2;58,6;0,09;199%
Ex1;1;4;70,72;0,05;398%
Ex1;2;4;73,98;0,05;397%
Ex1;3;4;70,26;0,08;396%
Ex1;1;8;109,27;0,26;554%
Ex1;2;8;103,83;0,21;569%
Ex1;3;8;101,22;0,17;545%
Ex1;1;16;101,83;0,24;589%
Ex1;2;16;106,72;0,35;590%
Ex1;3;16;104,94;0,21;593%
Ex1;1;32;111,19;0,26;597%
Ex1;2;32;110,67;0,33;594%
Ex1;3;32;109,52;0,27;597%
Ex1;1;64;110,7;0,25;597%
Ex1;2;64;108,06;0,2;597%
Ex1;3;64;113,58;0,32;597%
Ex1;1;128;102,27;0,2;597%
Ex1;2;128;108;0,17;597%
Ex1;3;128;99,61;0,15;597%
Ex2;1;1;77,41;0,1;99%
Ex2;2;1;75,47;0,08;99%
Ex2;3;1;74,96;0,1;99%
Ex2;1;2;91,03;0,09;199%
Ex2;2;2;90,53;0,09;199%
Ex2;3;2;89,45;0,13;199%
Ex2;1;4;116,71;0,16;397%
Ex2;2;4;126,82;0,13;398%
Ex2;3;4;113,95;0,21;395%
Ex2;1;8;108,67;2,28;444%
Ex2;2;8;117,55;2,11;446%
Ex2;3;8;115,99;1,59;447%
Ex2;1;16;99,04;2,01;465%
Ex2;2;16;97,98;1,84;467%
Ex2;3;16;100,57;2,07;468%
Ex2;1;32;93,1;3,27;453%
Ex2;2;32;100,66;2,96;450%
Ex2;3;32;96,78;3,48;434%
Ex2;1;64;97,06;5,19;411%
Ex2;2;64;98,24;5,17;409%
Ex2;3;64;90,86;4,49;406%
Ex2;1;128;91,49;10,17;390%
Ex2;2;128;92,08;10,34;391%
Ex2;3;128;90,48;10,4;390%
Ex3;1;1;86,65;3,9;99%
Ex3;2;1;90,45;3,68;99%
Ex3;3;1;87,85;3,76;99%
Ex3;1;2;59,95;3,07;199%
Ex3;2;2;77,81;3,07;199%
Ex3;3;2;66,86;3,05;199%
Ex3;1;4;86,9;2,77;398%
Ex3;2;4;71,68;2,65;398%
Ex3;3;4;73,36;2,66;398%
Ex3;1;8;147,72;1164,86;91%
Ex3;2;8;148,51;1165,37;128%
Ex3;3;8;160,54;1183,45;128%
Ex3;1;16;267,48;2490,44;131%
Ex3;2;16;270,19;2480,1;65%
Ex3;3;16;262,85;2472,5;132%
Ex3;1;32;501,64;5103,37;14%
Ex3;2;32;462,71;5109,5;132%
Ex3;3;32;490,66;5117,13;133%
Ex4;1;1;69,19;4,53;99%
Ex4;2;1;66,62;4,02;99%
Ex4;3;1;69,38;4,73;99%
Ex4;1;2;328,2;252,16;341%
Ex4;2;2;267,1;232,39;346%
Ex4;3;2;282,03;233,91;345%
Ex4;1;4;217,68;918,83;308%
Ex4;2;4;230,63;919,96;310%
Ex4;3;4;233,68;930,76;309%
Ex4;1;8;512,77;2822,6;258%
Ex4;2;8;488,8;2604,81;256%
Ex4;3;8;485,46;2592,66;258%
Ex4;1;16;993,65;6385,78;221%
Ex4;2;16;967,32;6134,03;217%
Ex4;3;16;980,48;6259,9;219%
